method,seed,MNIST,SVHN,USPS,SynthDigits,MNIST-M,uniform_domain_percent,sample_weighted_percent
FedAvg,42,95.85,62.34263269211401,95.86021505376344,81.98914010491762,75.29285714285714,82.26696899873045,80.19917428767059
FedAvg,43,95.95,60.89737133648907,96.12903225806451,81.69872483152847,76.07142857142857,82.14931139950212,79.89885362927008
FedAvg,44,96.04285714285714,63.66703595528251,95.59139784946237,80.9655285251199,74.96428571428571,82.24622103740153,79.68259563823224
FedAvg,45,96.22857142857143,60.046328935441636,96.23655913978494,81.23753719667454,75.12857142857143,81.7755136258088,79.41684914140832
FedAvg,46,95.59285714285714,60.89233558263672,95.86021505376344,80.65363888292379,76.43571428571428,81.88695218957908,79.20262492458087
FusedSpaceFed,42,96.79285714285714,63.63178567831604,96.66666666666667,85.97621458007383,80.27857142857142,84.66921909929702,83.58879797164919
FusedSpaceFed,43,96.99285714285715,69.11572162352704,96.88172043010752,86.8566637011586,81.67142857142858,86.30367829381578,85.06464012365348
FusedSpaceFed,44,96.91428571428571,66.28059220465303,96.18279569892474,85.69295742962031,81.54285714285714,85.32269763806819,83.88301730741853
FusedSpaceFed,45,97.32857142857142,70.92859301037365,96.82795698924731,86.75133703510548,81.95714285714286,86.75872026408814,85.29716830837441
FusedSpaceFed,46,96.70714285714286,69.18118642360761,96.7741935483871,86.30344305713204,82.32142857142857,86.25747889153963,84.73991417472833
