variant,seed,MNIST,SVHN,USPS,SynthDigits,MNIST-M,uniform_domain_percent,sample_weighted_percent
full,42,96.79285714285714,63.63178567831604,96.66666666666667,85.97621458007383,80.27857142857142,84.66921909929702,83.58879797164919
full,43,96.99285714285715,69.11572162352704,96.88172043010752,86.8566637011586,81.67142857142858,86.30367829381578,85.06464012365348
full,44,96.91428571428571,66.28059220465303,96.18279569892474,85.69295742962031,81.54285714285714,85.32269763806819,83.88301730741853
full,45,97.32857142857142,70.92859301037365,96.82795698924731,86.75133703510548,81.95714285714286,86.75872026408814,85.29716830837441
full,46,96.70714285714286,69.18118642360761,96.7741935483871,86.30344305713204,82.32142857142857,86.25747889153963,84.73991417472833
no-warmup,42,96.91428571428571,67.17695639037164,96.82795698924731,88.02855068462333,76.16428571428571,85.02240709856274,85.04972577944396
no-warmup,43,96.11428571428571,63.59149964749723,96.0752688172043,87.88641081490117,83.57857142857142,85.44920728449196,85.0910791883885
no-warmup,44,96.47142857142858,60.610333366905024,96.61290322580645,87.7585871910503,83.52857142857142,84.99636475675236,84.64093716315615
no-warmup,45,96.73571428571428,69.2970087622117,96.39784946236558,87.27797036537105,82.47857142857143,86.43742286084681,85.41444928784006
no-warmup,46,96.72142857142858,68.14885688387551,97.15053763440861,87.45283308279903,83.86428571428571,86.6675883773595,85.51546007362262
shared-encoder,42,96.42857142857143,68.21935743780844,96.55913978494624,85.64182798007997,81.04285714285714,85.57835075485265,84.02131395372486
shared-encoder,43,96.97142857142858,70.73723436398429,96.61290322580645,86.39240829933225,81.25,86.39279489211032,84.92973310103112
shared-encoder,44,97.17857142857143,68.97472051566119,96.39784946236558,86.61942305529139,82.07142857142857,86.24839860666363,84.93786819787267
shared-encoder,45,97.02857142857142,70.09265787088327,97.04301075268818,86.7973535396918,83.0,86.79231871836693,85.28835528679606
shared-encoder,46,96.98571428571428,68.82868365394299,96.98924731182795,85.46492008467037,81.13571428571429,85.88085592437398,84.05317641635426
decoder-only,42,97.22857142857143,64.55836438714876,96.98924731182795,86.0160955507153,79.25,84.80845573565269,83.68777498322136
decoder-only,43,96.77857142857142,67.45895860610334,96.29032258064517,85.15712079843749,79.2,84.97699468275148,83.45253509955324
decoder-only,44,96.87142857142857,68.92436297713768,96.72043010752688,85.7359061672342,78.45714285714286,85.34185413609404,83.97724884583313
decoder-only,45,96.90714285714286,64.86050961828985,95.10752688172043,85.02009387366935,77.58571428571429,83.89619750330736,82.855961331173
decoder-only,46,96.91428571428571,67.75103232953973,96.02150537634408,85.93633360943237,79.75,85.27463140592037,84.07012453477415
