setting,dataset,method,metric,mean,uncertainty,uncertainty_type,unit,reported_runs,dz,source_commit,source_table
dirichlet_0.05,Path,FedAvg,accuracy_percent,53.45,,not_available,percent,5,16,fc067b423115a2b5e0c51bae5a025b86aeaf37d1,tab:performance
dirichlet_0.05,Path,FedProx,accuracy_percent,48.11,,not_available,percent,5,16,fc067b423115a2b5e0c51bae5a025b86aeaf37d1,tab:performance
dirichlet_0.05,Path,SCAFFOLD,accuracy_percent,39.90,,not_available,percent,5,16,fc067b423115a2b5e0c51bae5a025b86aeaf37d1,tab:performance
dirichlet_0.05,Path,FusedSpaceFed,accuracy_percent,60.77,,not_available,percent,5,16,fc067b423115a2b5e0c51bae5a025b86aeaf37d1,tab:performance
dirichlet_0.05,Chest,FedAvg,accuracy_percent,90.28,,not_available,percent,5,32,fc067b423115a2b5e0c51bae5a025b86aeaf37d1,tab:performance
dirichlet_0.05,Chest,FedProx,accuracy_percent,89.93,,not_available,percent,5,32,fc067b423115a2b5e0c51bae5a025b86aeaf37d1,tab:performance
dirichlet_0.05,Chest,SCAFFOLD,accuracy_percent,89.44,,not_available,percent,5,32,fc067b423115a2b5e0c51bae5a025b86aeaf37d1,tab:performance
dirichlet_0.05,Chest,FusedSpaceFed,accuracy_percent,93.22,,not_available,percent,5,32,fc067b423115a2b5e0c51bae5a025b86aeaf37d1,tab:performance
dirichlet_0.05,Derma,FedAvg,accuracy_percent,67.70,,not_available,percent,5,16,fc067b423115a2b5e0c51bae5a025b86aeaf37d1,tab:performance
dirichlet_0.05,Derma,FedProx,accuracy_percent,65.94,,not_available,percent,5,16,fc067b423115a2b5e0c51bae5a025b86aeaf37d1,tab:performance
dirichlet_0.05,Derma,SCAFFOLD,accuracy_percent,63.35,,not_available,percent,5,16,fc067b423115a2b5e0c51bae5a025b86aeaf37d1,tab:performance
dirichlet_0.05,Derma,FusedSpaceFed,accuracy_percent,69.60,,not_available,percent,5,16,fc067b423115a2b5e0c51bae5a025b86aeaf37d1,tab:performance
dirichlet_0.05,OCT,FedAvg,accuracy_percent,41.56,,not_available,percent,5,8,fc067b423115a2b5e0c51bae5a025b86aeaf37d1,tab:performance
dirichlet_0.05,OCT,FedProx,accuracy_percent,42.50,,not_available,percent,5,8,fc067b423115a2b5e0c51bae5a025b86aeaf37d1,tab:performance
dirichlet_0.05,OCT,SCAFFOLD,accuracy_percent,38.69,,not_available,percent,5,8,fc067b423115a2b5e0c51bae5a025b86aeaf37d1,tab:performance
dirichlet_0.05,OCT,FusedSpaceFed,accuracy_percent,46.25,,not_available,percent,5,8,fc067b423115a2b5e0c51bae5a025b86aeaf37d1,tab:performance
dirichlet_0.05,Pneumonia,FedAvg,accuracy_percent,69.12,,not_available,percent,5,16,fc067b423115a2b5e0c51bae5a025b86aeaf37d1,tab:performance
dirichlet_0.05,Pneumonia,FedProx,accuracy_percent,70.24,,not_available,percent,5,16,fc067b423115a2b5e0c51bae5a025b86aeaf37d1,tab:performance
dirichlet_0.05,Pneumonia,SCAFFOLD,accuracy_percent,70.01,,not_available,percent,5,16,fc067b423115a2b5e0c51bae5a025b86aeaf37d1,tab:performance
dirichlet_0.05,Pneumonia,FusedSpaceFed,accuracy_percent,72.95,,not_available,percent,5,16,fc067b423115a2b5e0c51bae5a025b86aeaf37d1,tab:performance
dirichlet_0.05,Retina,FedAvg,accuracy_percent,48.13,,not_available,percent,5,64,fc067b423115a2b5e0c51bae5a025b86aeaf37d1,tab:performance
dirichlet_0.05,Retina,FedProx,accuracy_percent,49.69,,not_available,percent,5,64,fc067b423115a2b5e0c51bae5a025b86aeaf37d1,tab:performance
dirichlet_0.05,Retina,SCAFFOLD,accuracy_percent,48.75,,not_available,percent,5,64,fc067b423115a2b5e0c51bae5a025b86aeaf37d1,tab:performance
dirichlet_0.05,Retina,FusedSpaceFed,accuracy_percent,53.00,,not_available,percent,5,64,fc067b423115a2b5e0c51bae5a025b86aeaf37d1,tab:performance
dirichlet_0.05,Breast,FedAvg,accuracy_percent,80.25,,not_available,percent,5,32,fc067b423115a2b5e0c51bae5a025b86aeaf37d1,tab:performance
dirichlet_0.05,Breast,FedProx,accuracy_percent,79.33,,not_available,percent,5,32,fc067b423115a2b5e0c51bae5a025b86aeaf37d1,tab:performance
dirichlet_0.05,Breast,SCAFFOLD,accuracy_percent,77.78,,not_available,percent,5,32,fc067b423115a2b5e0c51bae5a025b86aeaf37d1,tab:performance
dirichlet_0.05,Breast,FusedSpaceFed,accuracy_percent,81.61,,not_available,percent,5,32,fc067b423115a2b5e0c51bae5a025b86aeaf37d1,tab:performance
dirichlet_0.05,Blood,FedAvg,accuracy_percent,53.87,,not_available,percent,5,16,fc067b423115a2b5e0c51bae5a025b86aeaf37d1,tab:performance
dirichlet_0.05,Blood,FedProx,accuracy_percent,47.38,,not_available,percent,5,16,fc067b423115a2b5e0c51bae5a025b86aeaf37d1,tab:performance
dirichlet_0.05,Blood,SCAFFOLD,accuracy_percent,45.68,,not_available,percent,5,16,fc067b423115a2b5e0c51bae5a025b86aeaf37d1,tab:performance
dirichlet_0.05,Blood,FusedSpaceFed,accuracy_percent,58.83,,not_available,percent,5,16,fc067b423115a2b5e0c51bae5a025b86aeaf37d1,tab:performance
dirichlet_0.05,Tissue,FedAvg,accuracy_percent,35.65,,not_available,percent,5,32,fc067b423115a2b5e0c51bae5a025b86aeaf37d1,tab:performance
dirichlet_0.05,Tissue,FedProx,accuracy_percent,33.28,,not_available,percent,5,32,fc067b423115a2b5e0c51bae5a025b86aeaf37d1,tab:performance
dirichlet_0.05,Tissue,SCAFFOLD,accuracy_percent,34.74,,not_available,percent,5,32,fc067b423115a2b5e0c51bae5a025b86aeaf37d1,tab:performance
dirichlet_0.05,Tissue,FusedSpaceFed,accuracy_percent,38.21,,not_available,percent,5,32,fc067b423115a2b5e0c51bae5a025b86aeaf37d1,tab:performance
dirichlet_0.05,OrganA,FedAvg,accuracy_percent,23.65,,not_available,percent,5,16,fc067b423115a2b5e0c51bae5a025b86aeaf37d1,tab:performance
dirichlet_0.05,OrganA,FedProx,accuracy_percent,25.12,,not_available,percent,5,16,fc067b423115a2b5e0c51bae5a025b86aeaf37d1,tab:performance
dirichlet_0.05,OrganA,SCAFFOLD,accuracy_percent,19.72,,not_available,percent,5,16,fc067b423115a2b5e0c51bae5a025b86aeaf37d1,tab:performance
dirichlet_0.05,OrganA,FusedSpaceFed,accuracy_percent,26.01,,not_available,percent,5,16,fc067b423115a2b5e0c51bae5a025b86aeaf37d1,tab:performance
dirichlet_0.05,OrganC,FedAvg,accuracy_percent,22.81,,not_available,percent,5,32,fc067b423115a2b5e0c51bae5a025b86aeaf37d1,tab:performance
dirichlet_0.05,OrganC,FedProx,accuracy_percent,24.64,,not_available,percent,5,32,fc067b423115a2b5e0c51bae5a025b86aeaf37d1,tab:performance
dirichlet_0.05,OrganC,SCAFFOLD,accuracy_percent,18.96,,not_available,percent,5,32,fc067b423115a2b5e0c51bae5a025b86aeaf37d1,tab:performance
dirichlet_0.05,OrganC,FusedSpaceFed,accuracy_percent,24.76,,not_available,percent,5,32,fc067b423115a2b5e0c51bae5a025b86aeaf37d1,tab:performance
dirichlet_0.05,OrganS,FedAvg,accuracy_percent,22.55,,not_available,percent,5,32,fc067b423115a2b5e0c51bae5a025b86aeaf37d1,tab:performance
dirichlet_0.05,OrganS,FedProx,accuracy_percent,21.96,,not_available,percent,5,32,fc067b423115a2b5e0c51bae5a025b86aeaf37d1,tab:performance
dirichlet_0.05,OrganS,SCAFFOLD,accuracy_percent,20.12,,not_available,percent,5,32,fc067b423115a2b5e0c51bae5a025b86aeaf37d1,tab:performance
dirichlet_0.05,OrganS,FusedSpaceFed,accuracy_percent,24.11,,not_available,percent,5,32,fc067b423115a2b5e0c51bae5a025b86aeaf37d1,tab:performance
dirichlet_0.50,Path,FedAvg,accuracy_percent,90.49,,not_available,percent,5,16,fc067b423115a2b5e0c51bae5a025b86aeaf37d1,tab:performance_1
dirichlet_0.50,Path,FedProx,accuracy_percent,90.70,,not_available,percent,5,16,fc067b423115a2b5e0c51bae5a025b86aeaf37d1,tab:performance_1
dirichlet_0.50,Path,SCAFFOLD,accuracy_percent,88.38,,not_available,percent,5,16,fc067b423115a2b5e0c51bae5a025b86aeaf37d1,tab:performance_1
dirichlet_0.50,Path,FusedSpaceFed,accuracy_percent,91.68,,not_available,percent,5,16,fc067b423115a2b5e0c51bae5a025b86aeaf37d1,tab:performance_1
dirichlet_0.50,Chest,FedAvg,accuracy_percent,94.25,,not_available,percent,5,32,fc067b423115a2b5e0c51bae5a025b86aeaf37d1,tab:performance_1
dirichlet_0.50,Chest,FedProx,accuracy_percent,93.03,,not_available,percent,5,32,fc067b423115a2b5e0c51bae5a025b86aeaf37d1,tab:performance_1
dirichlet_0.50,Chest,SCAFFOLD,accuracy_percent,93.65,,not_available,percent,5,32,fc067b423115a2b5e0c51bae5a025b86aeaf37d1,tab:performance_1
dirichlet_0.50,Chest,FusedSpaceFed,accuracy_percent,95.25,,not_available,percent,5,32,fc067b423115a2b5e0c51bae5a025b86aeaf37d1,tab:performance_1
dirichlet_0.50,Derma,FedAvg,accuracy_percent,72.19,,not_available,percent,5,16,fc067b423115a2b5e0c51bae5a025b86aeaf37d1,tab:performance_1
dirichlet_0.50,Derma,FedProx,accuracy_percent,72.20,,not_available,percent,5,16,fc067b423115a2b5e0c51bae5a025b86aeaf37d1,tab:performance_1
dirichlet_0.50,Derma,SCAFFOLD,accuracy_percent,68.64,,not_available,percent,5,16,fc067b423115a2b5e0c51bae5a025b86aeaf37d1,tab:performance_1
dirichlet_0.50,Derma,FusedSpaceFed,accuracy_percent,72.55,,not_available,percent,5,16,fc067b423115a2b5e0c51bae5a025b86aeaf37d1,tab:performance_1
dirichlet_0.50,OCT,FedAvg,accuracy_percent,67.72,,not_available,percent,5,8,fc067b423115a2b5e0c51bae5a025b86aeaf37d1,tab:performance_1
dirichlet_0.50,OCT,FedProx,accuracy_percent,70.23,,not_available,percent,5,8,fc067b423115a2b5e0c51bae5a025b86aeaf37d1,tab:performance_1
dirichlet_0.50,OCT,SCAFFOLD,accuracy_percent,67.69,,not_available,percent,5,8,fc067b423115a2b5e0c51bae5a025b86aeaf37d1,tab:performance_1
dirichlet_0.50,OCT,FusedSpaceFed,accuracy_percent,69.88,,not_available,percent,5,8,fc067b423115a2b5e0c51bae5a025b86aeaf37d1,tab:performance_1
dirichlet_0.50,Pneumonia,FedAvg,accuracy_percent,82.26,,not_available,percent,5,16,fc067b423115a2b5e0c51bae5a025b86aeaf37d1,tab:performance_1
dirichlet_0.50,Pneumonia,FedProx,accuracy_percent,81.60,,not_available,percent,5,16,fc067b423115a2b5e0c51bae5a025b86aeaf37d1,tab:performance_1
dirichlet_0.50,Pneumonia,SCAFFOLD,accuracy_percent,82.79,,not_available,percent,5,16,fc067b423115a2b5e0c51bae5a025b86aeaf37d1,tab:performance_1
dirichlet_0.50,Pneumonia,FusedSpaceFed,accuracy_percent,83.42,,not_available,percent,5,16,fc067b423115a2b5e0c51bae5a025b86aeaf37d1,tab:performance_1
dirichlet_0.50,Retina,FedAvg,accuracy_percent,60.13,,not_available,percent,5,64,fc067b423115a2b5e0c51bae5a025b86aeaf37d1,tab:performance_1
dirichlet_0.50,Retina,FedProx,accuracy_percent,61.23,,not_available,percent,5,64,fc067b423115a2b5e0c51bae5a025b86aeaf37d1,tab:performance_1
dirichlet_0.50,Retina,SCAFFOLD,accuracy_percent,61.97,,not_available,percent,5,64,fc067b423115a2b5e0c51bae5a025b86aeaf37d1,tab:performance_1
dirichlet_0.50,Retina,FusedSpaceFed,accuracy_percent,62.60,,not_available,percent,5,64,fc067b423115a2b5e0c51bae5a025b86aeaf37d1,tab:performance_1
dirichlet_0.50,Breast,FedAvg,accuracy_percent,85.35,,not_available,percent,5,32,fc067b423115a2b5e0c51bae5a025b86aeaf37d1,tab:performance_1
dirichlet_0.50,Breast,FedProx,accuracy_percent,83.34,,not_available,percent,5,32,fc067b423115a2b5e0c51bae5a025b86aeaf37d1,tab:performance_1
dirichlet_0.50,Breast,SCAFFOLD,accuracy_percent,83.43,,not_available,percent,5,32,fc067b423115a2b5e0c51bae5a025b86aeaf37d1,tab:performance_1
dirichlet_0.50,Breast,FusedSpaceFed,accuracy_percent,85.70,,not_available,percent,5,32,fc067b423115a2b5e0c51bae5a025b86aeaf37d1,tab:performance_1
dirichlet_0.50,Blood,FedAvg,accuracy_percent,90.43,,not_available,percent,5,16,fc067b423115a2b5e0c51bae5a025b86aeaf37d1,tab:performance_1
dirichlet_0.50,Blood,FedProx,accuracy_percent,86.51,,not_available,percent,5,16,fc067b423115a2b5e0c51bae5a025b86aeaf37d1,tab:performance_1
dirichlet_0.50,Blood,SCAFFOLD,accuracy_percent,87.00,,not_available,percent,5,16,fc067b423115a2b5e0c51bae5a025b86aeaf37d1,tab:performance_1
dirichlet_0.50,Blood,FusedSpaceFed,accuracy_percent,90.18,,not_available,percent,5,16,fc067b423115a2b5e0c51bae5a025b86aeaf37d1,tab:performance_1
dirichlet_0.50,Tissue,FedAvg,accuracy_percent,61.65,,not_available,percent,5,32,fc067b423115a2b5e0c51bae5a025b86aeaf37d1,tab:performance_1
dirichlet_0.50,Tissue,FedProx,accuracy_percent,59.56,,not_available,percent,5,32,fc067b423115a2b5e0c51bae5a025b86aeaf37d1,tab:performance_1
dirichlet_0.50,Tissue,SCAFFOLD,accuracy_percent,60.89,,not_available,percent,5,32,fc067b423115a2b5e0c51bae5a025b86aeaf37d1,tab:performance_1
dirichlet_0.50,Tissue,FusedSpaceFed,accuracy_percent,64.33,,not_available,percent,5,32,fc067b423115a2b5e0c51bae5a025b86aeaf37d1,tab:performance_1
dirichlet_0.50,OrganA,FedAvg,accuracy_percent,81.27,,not_available,percent,5,16,fc067b423115a2b5e0c51bae5a025b86aeaf37d1,tab:performance_1
dirichlet_0.50,OrganA,FedProx,accuracy_percent,81.88,,not_available,percent,5,16,fc067b423115a2b5e0c51bae5a025b86aeaf37d1,tab:performance_1
dirichlet_0.50,OrganA,SCAFFOLD,accuracy_percent,80.44,,not_available,percent,5,16,fc067b423115a2b5e0c51bae5a025b86aeaf37d1,tab:performance_1
dirichlet_0.50,OrganA,FusedSpaceFed,accuracy_percent,82.23,,not_available,percent,5,16,fc067b423115a2b5e0c51bae5a025b86aeaf37d1,tab:performance_1
dirichlet_0.50,OrganC,FedAvg,accuracy_percent,79.42,,not_available,percent,5,32,fc067b423115a2b5e0c51bae5a025b86aeaf37d1,tab:performance_1
dirichlet_0.50,OrganC,FedProx,accuracy_percent,77.51,,not_available,percent,5,32,fc067b423115a2b5e0c51bae5a025b86aeaf37d1,tab:performance_1
dirichlet_0.50,OrganC,SCAFFOLD,accuracy_percent,79.50,,not_available,percent,5,32,fc067b423115a2b5e0c51bae5a025b86aeaf37d1,tab:performance_1
dirichlet_0.50,OrganC,FusedSpaceFed,accuracy_percent,80.16,,not_available,percent,5,32,fc067b423115a2b5e0c51bae5a025b86aeaf37d1,tab:performance_1
dirichlet_0.50,OrganS,FedAvg,accuracy_percent,69.56,,not_available,percent,5,32,fc067b423115a2b5e0c51bae5a025b86aeaf37d1,tab:performance_1
dirichlet_0.50,OrganS,FedProx,accuracy_percent,69.17,,not_available,percent,5,32,fc067b423115a2b5e0c51bae5a025b86aeaf37d1,tab:performance_1
dirichlet_0.50,OrganS,SCAFFOLD,accuracy_percent,67.50,,not_available,percent,5,32,fc067b423115a2b5e0c51bae5a025b86aeaf37d1,tab:performance_1
dirichlet_0.50,OrganS,FusedSpaceFed,accuracy_percent,69.45,,not_available,percent,5,32,fc067b423115a2b5e0c51bae5a025b86aeaf37d1,tab:performance_1
legacy_gradient,Path,FedAvg,classifier_gradient_dispersion,10.68,,not_available,squared_gradient_norm,5,,fc067b423115a2b5e0c51bae5a025b86aeaf37d1,tab:gradient
legacy_gradient,Path,FedProx,classifier_gradient_dispersion,13.89,,not_available,squared_gradient_norm,5,,fc067b423115a2b5e0c51bae5a025b86aeaf37d1,tab:gradient
legacy_gradient,Path,SCAFFOLD,classifier_gradient_dispersion,19.91,,not_available,squared_gradient_norm,5,,fc067b423115a2b5e0c51bae5a025b86aeaf37d1,tab:gradient
legacy_gradient,Path,FusedSpaceFed,classifier_gradient_dispersion,8.12,,not_available,squared_gradient_norm,5,,fc067b423115a2b5e0c51bae5a025b86aeaf37d1,tab:gradient
legacy_gradient,Derma,FedAvg,classifier_gradient_dispersion,10.27,,not_available,squared_gradient_norm,5,,fc067b423115a2b5e0c51bae5a025b86aeaf37d1,tab:gradient
legacy_gradient,Derma,FedProx,classifier_gradient_dispersion,11.98,,not_available,squared_gradient_norm,5,,fc067b423115a2b5e0c51bae5a025b86aeaf37d1,tab:gradient
legacy_gradient,Derma,SCAFFOLD,classifier_gradient_dispersion,24.10,,not_available,squared_gradient_norm,5,,fc067b423115a2b5e0c51bae5a025b86aeaf37d1,tab:gradient
legacy_gradient,Derma,FusedSpaceFed,classifier_gradient_dispersion,8.43,,not_available,squared_gradient_norm,5,,fc067b423115a2b5e0c51bae5a025b86aeaf37d1,tab:gradient
legacy_gradient,Retina,FedAvg,classifier_gradient_dispersion,10.05,,not_available,squared_gradient_norm,5,,fc067b423115a2b5e0c51bae5a025b86aeaf37d1,tab:gradient
legacy_gradient,Retina,FedProx,classifier_gradient_dispersion,10.19,,not_available,squared_gradient_norm,5,,fc067b423115a2b5e0c51bae5a025b86aeaf37d1,tab:gradient
legacy_gradient,Retina,SCAFFOLD,classifier_gradient_dispersion,42.53,,not_available,squared_gradient_norm,5,,fc067b423115a2b5e0c51bae5a025b86aeaf37d1,tab:gradient
legacy_gradient,Retina,FusedSpaceFed,classifier_gradient_dispersion,9.94,,not_available,squared_gradient_norm,5,,fc067b423115a2b5e0c51bae5a025b86aeaf37d1,tab:gradient
legacy_gradient,Blood,FedAvg,classifier_gradient_dispersion,8.65,,not_available,squared_gradient_norm,5,,fc067b423115a2b5e0c51bae5a025b86aeaf37d1,tab:gradient
legacy_gradient,Blood,FedProx,classifier_gradient_dispersion,10.14,,not_available,squared_gradient_norm,5,,fc067b423115a2b5e0c51bae5a025b86aeaf37d1,tab:gradient
legacy_gradient,Blood,SCAFFOLD,classifier_gradient_dispersion,13.60,,not_available,squared_gradient_norm,5,,fc067b423115a2b5e0c51bae5a025b86aeaf37d1,tab:gradient
legacy_gradient,Blood,FusedSpaceFed,classifier_gradient_dispersion,7.32,,not_available,squared_gradient_norm,5,,fc067b423115a2b5e0c51bae5a025b86aeaf37d1,tab:gradient
pathological_2,Path,FedAvg,accuracy_percent,20.49,,not_available,percent,5,,fc067b423115a2b5e0c51bae5a025b86aeaf37d1,tab:pathological
pathological_2,Path,FedProx,accuracy_percent,19.66,,not_available,percent,5,,fc067b423115a2b5e0c51bae5a025b86aeaf37d1,tab:pathological
pathological_2,Path,SCAFFOLD,accuracy_percent,17.16,,not_available,percent,5,,fc067b423115a2b5e0c51bae5a025b86aeaf37d1,tab:pathological
pathological_2,Path,FusedSpaceFed,accuracy_percent,50.94,,not_available,percent,5,,fc067b423115a2b5e0c51bae5a025b86aeaf37d1,tab:pathological
pathological_2,Derma,FedAvg,accuracy_percent,25.75,,not_available,percent,5,,fc067b423115a2b5e0c51bae5a025b86aeaf37d1,tab:pathological
pathological_2,Derma,FedProx,accuracy_percent,24.43,,not_available,percent,5,,fc067b423115a2b5e0c51bae5a025b86aeaf37d1,tab:pathological
pathological_2,Derma,SCAFFOLD,accuracy_percent,22.46,,not_available,percent,5,,fc067b423115a2b5e0c51bae5a025b86aeaf37d1,tab:pathological
pathological_2,Derma,FusedSpaceFed,accuracy_percent,48.15,,not_available,percent,5,,fc067b423115a2b5e0c51bae5a025b86aeaf37d1,tab:pathological
pathological_2,Retina,FedAvg,accuracy_percent,34.37,,not_available,percent,5,,fc067b423115a2b5e0c51bae5a025b86aeaf37d1,tab:pathological
pathological_2,Retina,FedProx,accuracy_percent,33.02,,not_available,percent,5,,fc067b423115a2b5e0c51bae5a025b86aeaf37d1,tab:pathological
pathological_2,Retina,SCAFFOLD,accuracy_percent,26.61,,not_available,percent,5,,fc067b423115a2b5e0c51bae5a025b86aeaf37d1,tab:pathological
pathological_2,Retina,FusedSpaceFed,accuracy_percent,49.26,,not_available,percent,5,,fc067b423115a2b5e0c51bae5a025b86aeaf37d1,tab:pathological
pathological_2,Blood,FedAvg,accuracy_percent,18.22,,not_available,percent,5,,fc067b423115a2b5e0c51bae5a025b86aeaf37d1,tab:pathological
pathological_2,Blood,FedProx,accuracy_percent,19.48,,not_available,percent,5,,fc067b423115a2b5e0c51bae5a025b86aeaf37d1,tab:pathological
pathological_2,Blood,SCAFFOLD,accuracy_percent,18.10,,not_available,percent,5,,fc067b423115a2b5e0c51bae5a025b86aeaf37d1,tab:pathological
pathological_2,Blood,FusedSpaceFed,accuracy_percent,30.60,,not_available,percent,5,,fc067b423115a2b5e0c51bae5a025b86aeaf37d1,tab:pathological
writer_femnist,FEMNIST_writers,FedAvg,accuracy_percent,85.49,0.24,reported_dispersion_unverified,percent,5,,fc067b423115a2b5e0c51bae5a025b86aeaf37d1,tab:femnist_results
writer_femnist,FEMNIST_writers,FedAvg,classifier_gradient_dispersion,0.83,0.01,reported_dispersion_unverified,squared_gradient_norm,5,,fc067b423115a2b5e0c51bae5a025b86aeaf37d1,tab:femnist_results
writer_femnist,FEMNIST_writers,FedAvg,macro_f1_percent,66.87,0.19,reported_dispersion_unverified,percent,5,,fc067b423115a2b5e0c51bae5a025b86aeaf37d1,tab:femnist_results
writer_femnist,FEMNIST_writers,FedAvg,balanced_accuracy_percent,67.09,0.20,reported_dispersion_unverified,percent,5,,fc067b423115a2b5e0c51bae5a025b86aeaf37d1,tab:femnist_results
writer_femnist,FEMNIST_writers,FedProx,accuracy_percent,84.73,0.18,reported_dispersion_unverified,percent,5,,fc067b423115a2b5e0c51bae5a025b86aeaf37d1,tab:femnist_results
writer_femnist,FEMNIST_writers,FedProx,classifier_gradient_dispersion,0.81,0.02,reported_dispersion_unverified,squared_gradient_norm,5,,fc067b423115a2b5e0c51bae5a025b86aeaf37d1,tab:femnist_results
writer_femnist,FEMNIST_writers,FedProx,macro_f1_percent,64.16,0.15,reported_dispersion_unverified,percent,5,,fc067b423115a2b5e0c51bae5a025b86aeaf37d1,tab:femnist_results
writer_femnist,FEMNIST_writers,FedProx,balanced_accuracy_percent,65.81,0.17,reported_dispersion_unverified,percent,5,,fc067b423115a2b5e0c51bae5a025b86aeaf37d1,tab:femnist_results
writer_femnist,FEMNIST_writers,SCAFFOLD,accuracy_percent,84.51,0.32,reported_dispersion_unverified,percent,5,,fc067b423115a2b5e0c51bae5a025b86aeaf37d1,tab:femnist_results
writer_femnist,FEMNIST_writers,SCAFFOLD,classifier_gradient_dispersion,0.78,0.02,reported_dispersion_unverified,squared_gradient_norm,5,,fc067b423115a2b5e0c51bae5a025b86aeaf37d1,tab:femnist_results
writer_femnist,FEMNIST_writers,SCAFFOLD,macro_f1_percent,65.68,0.26,reported_dispersion_unverified,percent,5,,fc067b423115a2b5e0c51bae5a025b86aeaf37d1,tab:femnist_results
writer_femnist,FEMNIST_writers,SCAFFOLD,balanced_accuracy_percent,66.46,0.30,reported_dispersion_unverified,percent,5,,fc067b423115a2b5e0c51bae5a025b86aeaf37d1,tab:femnist_results
writer_femnist,FEMNIST_writers,FusedSpaceFed,accuracy_percent,86.82,0.26,reported_dispersion_unverified,percent,5,,fc067b423115a2b5e0c51bae5a025b86aeaf37d1,tab:femnist_results
writer_femnist,FEMNIST_writers,FusedSpaceFed,classifier_gradient_dispersion,0.71,0.02,reported_dispersion_unverified,squared_gradient_norm,5,,fc067b423115a2b5e0c51bae5a025b86aeaf37d1,tab:femnist_results
writer_femnist,FEMNIST_writers,FusedSpaceFed,macro_f1_percent,68.77,0.21,reported_dispersion_unverified,percent,5,,fc067b423115a2b5e0c51bae5a025b86aeaf37d1,tab:femnist_results
writer_femnist,FEMNIST_writers,FusedSpaceFed,balanced_accuracy_percent,68.38,0.19,reported_dispersion_unverified,percent,5,,fc067b423115a2b5e0c51bae5a025b86aeaf37d1,tab:femnist_results
