setting,dataset,best_global_method,best_global_mean,fusedspacefed_mean,difference_percentage_points,uncertainty
dirichlet_0.05,Path,FedAvg,53.45,60.77,7.32,not_available
dirichlet_0.05,Chest,FedAvg,90.28,93.22,2.94,not_available
dirichlet_0.05,Derma,FedAvg,67.70,69.60,1.90,not_available
dirichlet_0.05,OCT,FedProx,42.50,46.25,3.75,not_available
dirichlet_0.05,Pneumonia,FedProx,70.24,72.95,2.71,not_available
dirichlet_0.05,Retina,FedProx,49.69,53.00,3.31,not_available
dirichlet_0.05,Breast,FedAvg,80.25,81.61,1.36,not_available
dirichlet_0.05,Blood,FedAvg,53.87,58.83,4.96,not_available
dirichlet_0.05,Tissue,FedAvg,35.65,38.21,2.56,not_available
dirichlet_0.05,OrganA,FedProx,25.12,26.01,0.89,not_available
dirichlet_0.05,OrganC,FedProx,24.64,24.76,0.12,not_available
dirichlet_0.05,OrganS,FedAvg,22.55,24.11,1.56,not_available
dirichlet_0.50,Path,FedProx,90.70,91.68,0.98,not_available
dirichlet_0.50,Chest,FedAvg,94.25,95.25,1.00,not_available
dirichlet_0.50,Derma,FedProx,72.20,72.55,0.35,not_available
dirichlet_0.50,OCT,FedProx,70.23,69.88,-0.35,not_available
dirichlet_0.50,Pneumonia,SCAFFOLD,82.79,83.42,0.63,not_available
dirichlet_0.50,Retina,SCAFFOLD,61.97,62.60,0.63,not_available
dirichlet_0.50,Breast,FedAvg,85.35,85.70,0.35,not_available
dirichlet_0.50,Blood,FedAvg,90.43,90.18,-0.25,not_available
dirichlet_0.50,Tissue,FedAvg,61.65,64.33,2.68,not_available
dirichlet_0.50,OrganA,FedProx,81.88,82.23,0.35,not_available
dirichlet_0.50,OrganC,SCAFFOLD,79.50,80.16,0.66,not_available
dirichlet_0.50,OrganS,FedAvg,69.56,69.45,-0.11,not_available
pathological_2,Path,FedAvg,20.49,50.94,30.45,not_available
pathological_2,Derma,FedAvg,25.75,48.15,22.40,not_available
pathological_2,Retina,FedAvg,34.37,49.26,14.89,not_available
pathological_2,Blood,FedProx,19.48,30.60,11.12,not_available
