dataset,in_channels,classes,dz,classifier_parameters,private_encoder_parameters,shared_decoder_parameters,total_pipeline_parameters,parameter_overhead_percent,classifier_state_bytes,decoder_state_bytes,fedavg_bidirectional_bytes_round_10_clients,fusedspacefed_bidirectional_bytes_round_10_clients
Path,3,9,16,272217,23600,38851,334668,22.941623778088804,1094524,155404,21890480,24998560
Chest,1,14,32,272254,34864,40865,347983,27.81556928456515,1094672,163460,21893440,25162640
Derma,3,7,16,272087,23600,38851,334538,22.95258501876238,1094004,155404,21880080,24988160
OCT,1,4,8,271604,19264,37793,328661,21.007422571096154,1092072,151172,21841440,24864880
Pneumonia,1,2,16,271474,23312,38817,333603,22.885801218532897,1091552,155268,21831040,24936400
Retina,1,5,64,271669,71792,44961,388422,42.97619529648212,1092332,179844,21846640,25443520
Breast,1,2,32,271474,34864,40865,347203,27.895489070776577,1091552,163460,21831040,25100240
Blood,3,8,16,272152,23600,38851,334603,22.947103089450014,1094264,155404,21885280,24993360
Tissue,1,8,32,271864,34864,40865,347593,27.855471853573846,1093112,163460,21862240,25131440
OrganA,1,11,16,272059,23312,38817,334188,22.836590592481777,1093892,155268,21877840,24983200
OrganC,1,11,32,272059,34864,40865,347788,27.835506268860797,1093892,163460,21877840,25147040
OrganS,1,11,32,272059,34864,40865,347788,27.835506268860797,1093892,163460,21877840,25147040
