seed,round,correct,total,sample_weighted_accuracy_percent,uniform_client_accuracy_percent
41,191,1965,2603,75.48981943910871,75.6005111579008
41,192,2111,2603,81.09873223203995,82.70225446019562
41,193,2096,2603,80.52247406838264,82.1731370916245
41,194,2087,2603,80.17671917018825,81.36646165655323
41,195,2116,2603,81.2908182865924,82.50479894946947
41,196,2103,2603,80.79139454475605,82.42068821843374
41,197,2081,2603,79.94621590472532,81.4967784507386
41,198,2046,2603,78.60161352285824,79.59525292727672
41,199,2071,2603,79.56204379562044,80.265319320865
41,200,2025,2603,77.794852093738,79.16863653351285
42,191,1694,2603,65.0787552823665,64.45604932318265
42,192,1707,2603,65.57817902420284,65.21499214663818
42,193,1595,2603,61.2754514022282,61.14353247185239
42,194,1520,2603,58.394160583941606,58.52202215028548
42,195,1526,2603,58.624663849404534,58.896694592131944
42,196,1605,2603,61.65962351133308,61.2704839711676
42,197,1624,2603,62.38955051863235,62.6764198085973
42,198,1707,2603,65.57817902420284,66.13755362798918
42,199,1716,2603,65.92393392239724,66.34989102505601
42,200,1639,2603,62.96580868228967,62.6466216136412
43,191,1816,2603,69.76565501344602,68.7567447231714
43,192,1862,2603,71.53284671532846,73.81221001333573
43,193,1823,2603,70.03457548981945,69.31599840528449
43,194,1333,2603,51.21014214368037,50.38028508707908
43,195,1496,2603,57.4721475220899,55.04593196060418
43,196,1700,2603,65.30925854782943,63.912494768430776
43,197,1738,2603,66.76911256242796,66.58680807606925
43,198,1598,2603,61.390703034959664,61.12217309138126
43,199,1602,2603,61.544371878601616,60.201565761529984
43,200,1604,2603,61.62120630042259,63.15811549455006
44,191,1766,2603,67.84479446792163,70.37603184033279
44,192,1796,2603,68.99731079523626,70.9329318808107
44,193,1755,2603,67.42220514790627,69.17510502260694
44,194,1689,2603,64.88666922781407,67.44467836757445
44,195,1802,2603,69.22781406069919,71.84739554033426
44,196,1719,2603,66.0391855551287,68.53768413590913
44,197,1824,2603,70.07299270072993,72.52849139553268
44,198,1821,2603,69.95774106799847,72.6761905903348
44,199,1778,2603,68.30580099884749,71.07688249639506
44,200,1699,2603,65.27084133691893,66.93953737412272
45,191,1237,2603,47.52208989627353,46.52630721513675
45,192,1337,2603,51.36381098732232,51.03037600124703
45,193,1240,2603,47.63734152900499,46.82335273817825
45,194,1326,2603,50.941221667306955,50.70130479889714
45,195,1212,2603,46.56165962351133,45.80160309104588
45,196,1513,2603,58.12524010756819,57.5401667114628
45,197,1206,2603,46.3311563580484,45.45988396944877
45,198,1449,2603,55.666538609296964,55.210635603787615
45,199,1269,2603,48.75144064540914,48.36131773161789
45,200,1211,2603,46.523242412600844,46.13249769864521
